id,pret
20245,21592.46
20246,10465.93
20247,5671.07
20248,2012.18
20249,41123.22
20250,40330.28
20251,2747.96
20252,11723.63
20253,17095.93
20254,8638.8
20255,7902.23
20256,24938.52666666667
20257,20870.89
20258,2845.03
20259,18016.6
20260,25495.8
20261,8340.49
20262,17116.76
20263,14799.28
20264,8268.39
20265,6434.12
20266,7294.88
20267,13594.55
20268,32529.41
20269,5827.64
20270,16893.61
20271,19463.27
20272,11000.67
20273,6263.36
20274,3863.25
20275,14481.4
20276,3465.07
20277,9283.05
20278,49815.43
20279,32641.97
20280,38135.87
20281,9640.23
20282,8079.9
20283,5778.42
20284,12081.86
20285,17654.73
20286,16766.06
20287,16534.38
20288,12287.46
20289,34597.28
20290,22921.01
20291,11434.48
20292,10536.65
20293,8873.26
20294,77507.275
20295,75578.21
20296,25865.49
20297,15627.77
20298,29202.91
20299,16348.2
20300,28714.7
20301,5120.16
20302,6649.13
20303,9722.92
20304,9741.82
20305,2808.11
20306,42126.62
20307,13660.9
20308,20295.63
20309,47888.9
20310,18050.56
20311,24207.42
20312,29127.3
20313,39629.94
20314,27928.75
20315,15390.95
20316,13231.48
20317,23519.11
20318,7636.54
20319,8491.33
20320,16688.91
20321,37962.99
20322,44035.29
20323,52221.1
20324,9848.21
20325,27548.66
20326,11643.16
20327,15165.91
20328,16888.56
20329,22922.99
20330,19640.23
20331,30330.51
20332,27189.91333333333
20333,11169.78
20334,3376.6
20335,2293.27
20336,34680.9
20337,21511.18
20338,13117.61
20339,83355.8
20340,8130.85
20341,9909.17
20342,10156.14
20343,26681.85
20344,34941.12
20345,8616.17
20346,4653.19
20347,9269.38
20348,6733.39
20349,8777.44
20350,12211.83
20351,9864.93
20352,13504.0
20353,5418.45
20354,26121.45
20355,18742.06
20356,11139.46
20357,32612.93
20358,17916.08
20359,9671.17
20360,50373.23
20361,12950.65
20362,17157.8
20363,88038.77
20364,13032.68
20365,8162.4
20366,15831.58
20367,12766.85
20368,18886.15
20369,27835.16
20370,46344.72
20371,9559.22
20372,7905.28
20373,14111.85
20374,8321.2
20375,15308.563333333335
20376,6019.07
20377,3905.06
20378,57429.26
20379,3289.15
20380,65386.21
20381,23873.28
20382,20245.88
20383,21150.73
20384,7525.57
20385,2991.07
20386,95375.49666666666
20387,9787.33
20388,22720.28
20389,2590.54
20390,7946.14
20391,9815.43
20392,27935.74
20393,75636.86
20394,21637.37
20395,7375.22
20396,7745.43
20397,29798.42
20398,58992.42
20399,6135.46
20400,18059.01
20401,17605.21
20402,57847.55
20403,33186.35
20404,31374.54
20405,4875.96
20406,14089.34
20407,88012.93
20408,34222.77
20409,17553.06
20410,8607.11
20411,20986.53
20412,9990.84
20413,13058.48
20414,12570.45
20415,11552.84
20416,8271.14
20417,6538.2
20418,3598.83
20419,45960.07
20420,53133.67
20421,5884.34
20422,57674.43
20423,26420.15
20424,3647.9
20425,1893.07
20426,4649.13
20427,31509.82
20428,4526.81
20429,5776.89
20430,31649.76
20431,27958.78
20432,62359.6
20433,35979.43
20434,34699.28
20435,25679.68
20436,5895.88
20437,29178.21
20438,8665.27
20439,11636.18
20440,11762.64
20441,13816.19
20442,34976.14
20443,12085.71
20444,9978.48
20445,12499.46
20446,36297.89
20447,34459.63
20448,5840.94
20449,24056.31
20450,25171.47
20451,7335.45
20452,11247.09
20453,25632.48
20454,8453.89
20455,77090.44
20456,11160.68
20457,6448.3
20458,13681.76
20459,27082.81
20460,7814.87
20461,10552.71
20462,6755.39
20463,12084.21
20464,9421.93
20465,79748.15
20466,32624.68
20467,3747.99
20468,6673.77
20469,9744.44
20470,4505.62
20471,18059.11
20472,10004.64
20473,31028.62
20474,26700.16
20475,37464.16
20476,69450.83
20477,23068.49
20478,43492.19
20479,4569.97
20480,19442.1
20481,13158.78
20482,20281.65
20483,62598.51
20484,17014.77
20485,23169.35
20486,21178.22
20487,14094.31
20488,36305.6
20489,8259.53
20490,7163.12
20491,19045.35
20492,20372.41
20493,18762.36
20494,4337.91
20495,16074.05
20496,13817.87
20497,9460.61
20498,7931.36
20499,16768.25
20500,92240.35
20501,34469.75
20502,16177.49
20503,18728.21
20504,9265.58
20505,9338.31
20506,19519.7
20507,2574.58
20508,4480.55
20509,11235.9
20510,6145.22
20511,20406.66
20512,32037.82
20513,8306.26
20514,13878.184999999998
20515,10370.25
20516,6037.38
20517,4085.3
20518,21228.46
20519,5810.38
20520,85641.93
20521,4205.75
20522,19850.11
20523,7376.08
20524,35529.41
20525,26053.26
20526,12594.7
20527,15801.82
20528,10650.62
20529,4806.59
20530,26090.36
20531,17443.59
20532,7020.61
20533,11396.72
20534,46476.07
20535,2828.85
20536,14823.34
20537,3309.89
20538,20153.08
20539,18090.71
20540,9193.61
20541,78773.37
20542,42375.85
20543,23422.6
20544,12798.36
20545,57317.98
20546,19842.33
20547,8393.19
20548,24430.29
20549,8515.07
20550,4318.74
20551,13583.51
20552,10913.26
20553,16937.74
20554,18120.62
20555,9283.99
20556,19987.34
20557,4761.75
20558,15410.37
20559,8713.12
20560,7242.21
20561,18409.95
20562,23673.94
20563,53416.72
20564,3082.99
20565,8512.79
20566,3032.24
20567,84555.77
20568,9464.87
20569,14832.8
20570,53349.48
20571,29440.7
20572,7862.81
20573,6327.61
20574,14085.48
20575,10240.94
20576,6156.64
20577,12087.43
20578,3090.93
20579,2046.14
20580,57787.136190476194
20581,13799.91
20582,8845.71
20583,33593.02
20584,19026.98
20585,5463.09
20586,14636.44
20587,22490.03
20588,12214.68
20589,42185.27
20590,37743.795
20591,89584.14
20592,41617.93
20593,16064.98
20594,2835.45
20595,24976.44
20596,10897.37
20597,37801.11
20598,43179.02
20599,45843.64
20600,18165.1
20601,12215.26
20602,24249.98
20603,8269.02
20604,11383.69
20605,11327.67
20606,14276.16
20607,40128.22
20608,22532.37
20609,16038.79
20610,25930.63
20611,3732.25
20612,6816.24
20613,20302.52
20614,17599.82
20615,17603.83
20616,13080.16
20617,7981.57
20618,24962.32
20619,10556.77
20620,20826.99
20621,23930.28666666667
20622,3100.07
20623,56424.41
20624,56158.2
20625,2518.7
20626,9328.94
20627,10155.74
20628,2844.38
20629,21039.25
20630,20156.57
20631,5199.16
20632,13614.81
20633,39378.36
20634,20929.96
20635,8551.09
20636,19573.3
20637,19932.83
20638,16637.66
20639,6744.31
20640,20280.35
20641,19254.94
20642,51455.78
20643,18196.57
20644,37486.38
20645,9654.89
20646,20453.82
20647,38204.28
20648,25732.42
20649,46415.2
20650,3982.72
20651,15158.45
20652,8332.49
20653,29848.06
20654,35114.71
20655,10308.32
20656,16397.286666666667
20657,7007.73
20658,42870.15
20659,9496.42
20660,16933.71
20661,38716.21
20662,16403.01
20663,8224.03
20664,22099.41
20665,48952.15
20666,12669.65
20667,7463.18
20668,10906.17
20669,45602.63
20670,4839.2
20671,19864.89
20672,6969.03
20673,38456.6
20674,20311.11
20675,11302.39
20676,3715.26
20677,3570.72
20678,14873.82
20679,7221.63
20680,40087.32
20681,16968.31
20682,26108.220999999998
20683,26090.7
20684,47258.13
20685,8845.42
20686,24364.01
20687,26325.8
20688,15068.66
20689,51968.46
20690,76490.105
20691,24474.04
20692,6342.27
20693,13415.48
20694,11703.86
20695,22842.92
20696,71875.46
20697,20262.68
20698,7929.49
20699,61273.42
20700,9233.55
20701,20060.03
20702,2738.15
20703,11838.96
20704,11875.45
20705,19235.38
20706,29353.82
20707,24779.56
20708,65846.63133333334
20709,17544.08
20710,27517.39
20711,38910.99
20712,27578.208
20713,34256.84
20714,16746.58
20715,34603.6
20716,12244.44
20717,2536.53
20718,28364.93
20719,28774.07
20720,6783.89
20721,6256.76
20722,84824.71
20723,89888.04
20724,9054.76
20725,5166.12
20726,23543.99
20727,3473.76
20728,9103.76
20729,6915.91
20730,3227.03
20731,5706.19
20732,2656.29
20733,8263.58
20734,2998.53
20735,14577.26
20736,5269.82
20737,58668.95
20738,2505.92
20739,27265.91333333333
20740,8857.13
20741,18497.74
20742,6702.88
20743,81304.65
20744,35203.16
20745,20434.45
20746,25479.91
20747,10415.23
20748,49018.16
20749,7800.51
20750,49699.02
20751,12362.68
20752,22761.43
20753,28722.41
20754,20581.99
20755,5268.85
20756,2995.34
20757,6559.88
20758,51799.32
20759,32458.73
20760,25173.53
20761,6225.16
20762,15475.94
20763,24749.85
20764,16894.64
20765,11904.55
20766,13422.29
20767,12084.28
20768,5532.52
20769,23405.74
20770,2954.82
20771,20325.54
20772,13718.0
20773,32716.11
20774,9774.25
20775,2716.11
20776,18445.14
20777,20220.36
20778,11223.11
20779,1895.39
20780,4895.9
20781,18593.16
20782,11900.2
20783,21771.11
20784,7542.25
20785,27498.48
20786,5862.4
20787,7814.22
20788,23088.2
20789,25904.9
20790,8112.38
20791,12347.03
20792,14516.51
20793,24793.0
20794,12119.61
20795,24780.55
20796,12787.91
20797,5423.87
20798,13560.91
20799,34826.59
20800,23910.78
20801,73243.65
20802,45573.24
20803,10930.58
20804,47820.68
20805,7425.36
20806,7895.84
20807,50697.98
20808,33370.38
20809,5457.44
20810,6215.59
20811,7396.29
20812,7265.44
20813,13173.41
20814,5454.12
20815,31728.54
20816,35606.63
20817,21216.02
20818,46061.35
20819,18236.88
20820,23006.58
20821,19818.07
20822,12889.31
20823,57182.82
20824,59100.56
20825,6484.0
20826,9954.54
20827,5882.72
20828,3373.48
20829,3947.3
20830,34986.96
20831,29704.47
20832,2249.65
20833,32556.53
20834,10837.27
20835,7958.99
20836,6702.19
20837,16773.66
20838,18513.603333333336
20839,35817.53
20840,6833.08
20841,46134.51
20842,7141.29
20843,21737.07
20844,84941.27
20845,11578.36
20846,19243.82
20847,8716.1
20848,15229.89
20849,7130.05
20850,22091.2
20851,91146.92
20852,23872.24666666667
20853,9054.43
20854,13429.04
20855,14886.69
20856,49088.17
20857,8925.95
20858,23163.72
20859,6325.76
20860,12833.11
20861,40540.34
20862,28943.91
20863,34584.35
20864,49975.31
20865,15172.98
20866,24486.12
20867,6287.55
20868,10337.7
20869,9978.28
20870,34751.0
20871,29152.97
20872,4033.91
20873,11747.82
20874,10815.37
20875,12116.01
20876,10914.23
20877,11649.58
20878,7800.92
20879,19604.34
20880,21792.38
20881,32938.25
20882,32304.72
20883,5317.92
20884,5490.24
20885,21160.98
20886,11458.86
20887,23029.85
20888,41429.65
20889,31360.61
20890,30950.21
20891,11957.94
20892,13963.92
20893,4985.98
20894,10685.04
20895,6239.74
20896,12641.54
20897,24527.66
20898,6594.92
20899,16945.37
20900,7796.65
20901,4945.2
20902,17330.68
20903,4414.23
20904,7357.84
20905,19454.39
20906,12634.29
20907,8700.3
20908,3628.17
20909,7696.86
20910,6225.27
20911,13216.04
20912,11473.74
20913,30776.33
20914,25846.83
20915,16251.01
20916,13916.34
20917,3435.43
20918,67772.74
20919,13919.52
20920,6201.17
20921,13415.24
20922,5466.85
20923,36615.21
20924,72505.1
20925,10139.31
20926,24748.534
20927,18629.01
20928,15137.62
20929,70085.71
20930,25990.5
20931,14553.68
20932,35795.56333333333
20933,55056.02
20934,22306.41
20935,10733.18
20936,15676.73
20937,4356.37
20938,35111.81
20939,56334.66
20940,30442.26
20941,69600.18
20942,9636.67
20943,3889.33
20944,12652.38
20945,6442.24
20946,8490.02
20947,72963.686
20948,47577.42666666666
20949,12561.06
20950,13140.47
20951,6810.47
20952,23579.34
20953,6342.06
20954,12035.1
20955,6740.75
20956,45829.39
20957,17995.96
20958,24451.95
20959,5617.55
20960,30389.43
20961,3456.84
20962,19999.5
20963,15028.96
20964,5967.38
20965,15607.32
20966,25080.58
20967,12160.64
20968,42594.58
20969,83316.56
20970,10608.98
20971,11693.34
20972,69289.47
20973,72837.11
20974,20421.9
20975,26843.31
20976,8810.94
20977,16098.37
20978,25084.32
20979,16055.15
20980,11123.96
20981,23231.31
20982,16335.35
20983,29037.42666666667
20984,8898.33
20985,37384.1
20986,21039.99
20987,84534.77
20988,11423.15
20989,54344.6
20990,3758.52
20991,41865.7
20992,8963.7
20993,44141.27
20994,2474.93
20995,84087.0
20996,11010.76
20997,17710.7
20998,60940.67
20999,8653.73
21000,13736.69
21001,15838.56
21002,72837.61
21003,11431.79
21004,14787.52
21005,7951.7266666666665
21006,6441.7
21007,7116.35
21008,7382.99
21009,22512.6
21010,40042.84
21011,27532.41
21012,21589.2
21013,14628.72
21014,11854.1
21015,27478.507999999998
21016,20431.51
21017,13103.46
21018,5986.49
21019,15016.54
21020,22103.53
21021,21145.26
21022,8971.12
21023,30459.32
21024,7026.04
21025,15375.77
21026,4434.36
21027,18478.82
21028,40373.2
21029,47933.33666666666
21030,5873.01
21031,7294.03
21032,29276.41
21033,2897.21
21034,53676.2
21035,42515.2
21036,8771.38
21037,51946.11
21038,10384.82
21039,25002.16
21040,27777.77
21041,15291.29
21042,20872.71
21043,8614.14
21044,9115.83
21045,89718.0
21046,6108.87
21047,14338.49
21048,49330.64
21049,8485.3
21050,11185.36
21051,63488.18
21052,17905.61
21053,43870.78
21054,29539.84
21055,7563.81
21056,11208.14
21057,7959.08
21058,11169.08
21059,14619.0
21060,12842.1
21061,13597.06
21062,35038.83
21063,25982.35
21064,28042.01
21065,12399.82
21066,2514.59
21067,14292.45
21068,5718.75
21069,80802.3
21070,22219.92
21071,23401.44
21072,24167.19
21073,24887.64
21074,29286.63
21075,11895.53
21076,32734.82
21077,22844.7
21078,13391.9
21079,11533.13
21080,5658.05
21081,3538.62
21082,24796.27
21083,43467.4
21084,5942.0
21085,14380.06
21086,21100.29
21087,21459.48
21088,7756.35
21089,46013.13
21090,82642.96
21091,4336.21
21092,37662.675
21093,5424.36
21094,9827.02
21095,23235.33
21096,11117.92
21097,9459.5
21098,24699.4
21099,24362.98
21100,22358.96
21101,27118.13
21102,3418.99
21103,20277.36
21104,12218.4
21105,46488.61
21106,16796.085
21107,42121.51
21108,12478.16
21109,77443.44
21110,87087.60333333332
21111,76196.39
21112,19384.05
21113,8784.5
21114,10039.36
21115,8385.43
21116,34143.59
21117,32444.77
21118,13237.42
21119,52266.09
21120,14018.87
21121,24591.48
21122,16583.21
21123,23440.82
21124,11442.22
21125,10054.65
21126,26316.223809523806
21127,72692.67666666667
21128,21464.98
21129,18342.64
21130,14788.5
21131,18928.85
21132,28367.76
21133,19676.79
21134,9585.22
21135,2814.6
21136,5497.86
21137,15114.84
21138,6382.21
21139,10587.12
21140,30627.35
21141,23424.02
21142,16222.16
21143,8525.8
21144,13357.85
21145,20140.23
21146,16688.7
21147,47084.03833333333
21148,14563.2
21149,3232.4
21150,14407.26
21151,7134.26
21152,35295.19
21153,50088.32333333334
21154,17088.94
21155,37801.4
21156,20960.37
21157,13485.74
21158,31435.93
21159,16382.94
21160,41368.76
21161,15604.3
21162,3727.43
21163,23990.31
21164,48501.81333333333
21165,89283.06
21166,32499.56
21167,12955.26
21168,27742.65
21169,11223.59
21170,13086.43
21171,7256.9
21172,7056.84
21173,2471.76
21174,12271.55
21175,21241.48
21176,23733.86
21177,14282.52
21178,14060.21
21179,10966.31
21180,10946.56
21181,18059.28
21182,7822.38
21183,49393.79
21184,43183.91
21185,6200.52
21186,4284.4
21187,6914.39
21188,89039.66
21189,16405.37
21190,22546.5
21191,34887.76
21192,7231.92
21193,32307.12
21194,4593.12
21195,23397.22
21196,24000.02
21197,18389.78
21198,4659.32
21199,12326.3
21200,16343.36
21201,35616.5
21202,5776.45
21203,30548.84
21204,12705.5
21205,23858.23
21206,10945.38
21207,3004.9
21208,9113.9
21209,5890.49
21210,5422.99
21211,17639.97
21212,2760.9
21213,8962.82
21214,5190.54
21215,7959.32
21216,3812.24
21217,37268.0
21218,41470.5
21219,4008.33
21220,13514.36
21221,57073.78
21222,28028.4
21223,14308.54
21224,35368.39
21225,16292.16
21226,24423.103333333336
21227,31926.51
21228,71868.54
21229,16107.54
21230,25654.11
21231,12930.54
21232,14835.58
21233,7633.22
21234,53736.5
21235,24869.72
21236,21226.6
21237,25068.37
21238,6649.95
21239,14409.6
21240,7956.24
21241,70001.15666666666
21242,12163.63
21243,8931.52
21244,36656.39
21245,13378.06
21246,36531.01
21247,14550.593333333334
21248,44248.74
21249,12907.85
21250,11348.19
21251,38480.96
21252,33268.15
21253,9566.39
21254,5517.38
21255,19187.91
21256,8027.37
21257,6372.12
21258,53851.47
21259,27937.24
21260,2713.77
21261,39176.49
21262,16179.88
21263,58544.73
21264,14458.41
21265,22833.79
21266,36704.02
21267,69732.24
21268,10976.98
21269,24095.305
21270,40363.31
21271,10616.83
21272,17987.65
21273,6545.85
21274,17158.26
21275,7418.04
21276,12505.43
21277,7158.883333333334
21278,10844.6
21279,24322.67
21280,9985.09
21281,8233.83
21282,7132.39
21283,21601.05
21284,8412.82
21285,10172.02
21286,20193.57
21287,8509.73
21288,36902.83
21289,83419.8
21290,12743.24
21291,12210.72
21292,32463.2
21293,24583.27
21294,21791.63
21295,52087.82
21296,12610.83
21297,4341.12
21298,39314.75
21299,35784.28
21300,31892.79
21301,55373.23
21302,13363.49
21303,27035.9
21304,76016.52
21305,16017.04
21306,18427.76
21307,22106.32
21308,15641.62
21309,21460.75
21310,13870.36
21311,31100.08
21312,22311.23
21313,17050.55
21314,17203.16
21315,24031.64
21316,11957.5
21317,46131.35
21318,26715.9
21319,43100.37
21320,10773.213333333333
21321,28554.47
21322,18061.59
21323,32654.65
21324,29199.56
21325,36349.62
21326,41501.8
21327,56296.72
21328,32158.38
21329,34901.19
21330,43449.98
21331,27888.43
21332,52348.99
21333,7843.02
21334,45789.81
21335,12601.1
21336,17542.42
21337,9237.95
21338,7076.77
21339,39010.36
21340,9250.84
21341,12735.27
21342,11129.62
21343,30789.02
21344,36336.54
21345,30941.16
21346,15395.63
21347,20968.96
21348,23372.51
21349,22981.91
21350,8332.49
21351,61037.87
21352,23406.83
21353,12371.27
21354,10333.25
21355,4596.51
21356,33992.55
21357,12559.4
21358,7747.4
21359,6172.89
21360,25106.31
21361,8487.77
21362,9174.29
21363,30076.04
21364,4449.71
21365,38856.82
21366,3758.76
21367,31673.78
21368,19744.24
21369,6159.21
21370,50910.07
21371,6548.73
21372,8554.88
21373,16972.61
21374,30516.71
21375,14442.22
21376,30042.15
21377,17302.49
21378,14405.91
21379,38532.9
21380,52967.17
21381,4682.89
21382,10382.32
21383,37024.11
21384,5756.31
21385,29844.05
21386,41451.13
21387,85811.36
21388,39888.65
21389,22996.76
21390,9232.47
21391,12181.12
21392,40933.67
21393,7769.86
21394,21849.54
21395,15439.17
21396,15927.89
21397,12719.93
21398,7534.38
21399,21829.77
21400,19497.42
21401,11656.77
21402,19811.75
21403,11695.37
21404,5745.44
21405,42091.6
21406,11449.79
21407,21082.41
21408,7620.87
21409,78269.03
21410,94740.03
21411,44690.4
21412,11662.98
21413,10748.45
21414,29831.96
21415,10593.9
21416,7045.17
21417,46385.11
21418,6570.48
21419,64441.17
21420,47689.18
21421,7858.98
21422,27458.97
21423,16197.91
21424,7233.39
21425,9679.01
21426,5720.33
21427,12901.41
21428,27254.65
21429,12459.8
21430,23933.43
21431,7570.56
21432,7679.28
21433,14067.26
21434,12429.81
21435,21780.905
21436,24278.6
21437,6334.8
21438,31090.77
21439,15393.22
21440,3661.99
21441,3326.68
21442,33505.19
21443,33213.60666666667
21444,29155.08
21445,12734.87
21446,11538.67
21447,9045.81
21448,40207.31
21449,9007.2
21450,5525.34
21451,11436.98
21452,30619.53
21453,16671.87
21454,17252.06
21455,6695.98
21456,4826.53
21457,47781.9
21458,14953.86
21459,14439.31
21460,42204.47
21461,22743.75
21462,15018.22
21463,79338.04
21464,12414.25
21465,15718.74
21466,21710.44
21467,29643.97
21468,5183.41
21469,20484.81
21470,14890.82
21471,9853.41
21472,24019.71
21473,12091.62
21474,33382.35
21475,5651.94
21476,8663.42
21477,30383.88
21478,5738.54
21479,74184.36
21480,31111.29
21481,45826.69
21482,8213.03
21483,24260.81
21484,5373.6
21485,11725.62
21486,10157.65
21487,19343.37
21488,17858.88
21489,13909.96
21490,39359.91
21491,13006.66
21492,62742.66
21493,11716.97
21494,3070.59
21495,37213.33
21496,10310.37
21497,21296.29
21498,9851.88
21499,10945.41
21500,71361.97
21501,48916.27
21502,17063.3
21503,10947.57
21504,7639.34
21505,31355.3175
21506,16112.92
21507,12854.4
21508,35421.77
21509,20497.45
21510,28013.265
21511,2403.75
21512,6745.24
21513,7892.39
21514,38402.07
21515,13045.53
21516,13014.35
21517,23329.37
21518,5941.08
21519,3069.89
21520,16284.34
21521,16852.07
21522,7139.83
21523,2007.58
21524,12826.01
21525,2996.2
21526,44760.53
21527,22926.13
21528,9956.45
21529,19361.45
21530,17582.3775
21531,8463.91
21532,51910.65
21533,7975.67
21534,26561.44
21535,14268.85
21536,7373.25
21537,79205.85
21538,14650.78
21539,14605.17
21540,7511.12
21541,30933.06
21542,9979.25
21543,76851.95
21544,7239.32
21545,3818.46
21546,13761.56
21547,7344.41
21548,51808.49
21549,22879.28
21550,21482.99
21551,37934.77
21552,10059.75
21553,20187.39
21554,46528.67
21555,9611.97
21556,20414.16
21557,3653.37
21558,2647.14
21559,20454.47
21560,14812.89
21561,6178.07
21562,61003.92
21563,34676.57
21564,10378.66
21565,15835.716666666667
21566,19294.61
21567,14615.43
21568,13159.32
21569,11433.34
21570,3451.6
21571,23513.42
21572,16276.13
21573,5410.65
21574,2482.38
21575,17888.11
21576,12494.7
21577,8567.86
21578,9580.33
21579,7899.09
21580,52454.53
21581,9522.11
21582,60149.8
21583,17164.31
21584,20102.9
21585,30625.9
21586,7708.22
21587,20418.17
21588,23046.56
21589,4720.88
21590,21364.06
21591,31371.72
21592,4817.88
21593,38266.2
21594,4535.93
21595,24425.21
21596,17057.64
21597,13124.563333333335
21598,4946.38
21599,11743.96
21600,4484.99
21601,26333.35
21602,5694.05
21603,4204.88
21604,10215.29
21605,76259.49
21606,44908.56
21607,14858.37
21608,16814.56
21609,29170.26
21610,77481.28166666666
21611,4309.93
21612,11350.12
21613,8967.09
21614,30027.07
21615,14644.37
21616,47324.39
21617,36496.02
21618,8060.63
21619,68185.34
21620,11647.32
21621,57401.99
21622,24782.63
21623,27485.129500000003
21624,7552.713333333332
21625,73032.13
21626,14786.34
21627,23732.33
21628,7517.17
21629,11772.76
21630,18176.6
21631,30121.87
21632,4073.59
21633,2576.76
21634,13684.04
21635,14672.59
21636,3842.86
21637,38523.87
21638,11814.08
21639,70000.13
21640,60892.98016666667
21641,12395.35
21642,40381.64
21643,3822.08
21644,13689.44
21645,40988.15
21646,35005.18
21647,2616.23
21648,33656.52
21649,4668.97
21650,46825.25
21651,10838.4
21652,51056.89
21653,8843.12
21654,43791.95
21655,4626.31
21656,6613.75
21657,13666.33
21658,23243.95
21659,4695.9
21660,11669.36
21661,9577.86
21662,12194.68
21663,16470.09
21664,45033.71
21665,38828.91
21666,4060.93
21667,5534.63
21668,52087.57
21669,5472.47
21670,8010.14
21671,4292.43
21672,17398.75
21673,3366.06
21674,7319.63
21675,56741.02
21676,76560.6
21677,27772.87
21678,9178.23
21679,26813.47
21680,73578.82
21681,11588.35
21682,49223.12
21683,6812.97
21684,6773.47
21685,14555.85
21686,4238.69
21687,10492.56
21688,13786.92
21689,33353.43
21690,9126.44
21691,35045.96
21692,19957.833333333332
21693,72621.46
21694,6642.22
21695,32444.82
21696,11389.25
21697,19969.17
21698,12508.47
21699,19698.61
21700,56202.84
21701,64293.57
21702,26747.92
21703,32562.72
21704,23916.57
21705,13416.25
21706,10303.24
21707,5081.19
21708,4462.4
21709,84309.44
21710,2741.64
21711,6675.4
21712,9430.03
21713,12896.22
21714,90897.24
21715,15560.54
21716,14657.58
21717,31383.06
21718,7970.29
21719,19082.39
21720,10265.48
21721,7332.91
21722,48596.62
21723,41056.31
21724,7998.66
21725,17263.57
21726,23399.0
21727,9408.23
21728,25322.38
21729,14392.96
21730,45802.8
21731,39551.87
21732,81928.04
21733,34712.9
21734,17211.25
21735,26150.52
21736,26685.76
21737,16538.86
21738,41668.45
21739,20177.6
21740,92545.27333333332
21741,10481.43
21742,10523.9
21743,38213.22
21744,22529.19
21745,12048.4
21746,18818.78
21747,4611.14
21748,6173.32
21749,32049.84
21750,13195.98
21751,15087.36
21752,14572.48
21753,31273.28
21754,6873.87
21755,13670.1
21756,6167.52
21757,5849.223333333333
21758,56934.55
21759,32852.62
21760,9044.7
21761,30013.65
21762,9417.07
21763,28684.413333333334
21764,2622.41
21765,66441.36
21766,86605.725
21767,12590.21
21768,24592.6
21769,23420.94
21770,44190.69
21771,12890.0
21772,38312.06
21773,17849.66
21774,24550.0
21775,39076.6
21776,39761.8
21777,12380.0
21778,14774.72
21779,41720.55
21780,60875.61
21781,3522.55
21782,7790.02
21783,6797.11
21784,20180.99
21785,20885.14
21786,25372.48
21787,6657.61
21788,2850.06
21789,18509.6
21790,32545.65
21791,9287.68
21792,29637.19
21793,3536.87
21794,52564.55
21795,16508.88
21796,26358.06
21797,50447.25
21798,47363.57
21799,48464.23
21800,5122.41
21801,16169.09
21802,16419.13
21803,76701.61
21804,18713.91
21805,5524.98
21806,3551.56
21807,13005.16
21808,7196.1
21809,9171.34
21810,13403.84
21811,15330.81
21812,8934.0
21813,52476.12
21814,7131.88
21815,5834.93
21816,40802.44
21817,37965.28
21818,16492.67
21819,8933.98
21820,35331.38
21821,6264.4
21822,21636.59
21823,18242.19
21824,14145.42
21825,12966.49
21826,24491.328476190472
21827,15447.93
21828,11342.57
21829,24431.42
21830,8267.2
21831,14507.07
21832,28466.94
21833,9515.85
21834,6537.35
21835,11780.91
21836,39853.49
21837,24483.24
21838,41412.73
21839,20031.92
21840,3719.52
21841,4644.79
21842,18016.43
21843,72375.32
21844,43946.57
21845,54326.7
21846,12046.01
21847,23350.03
21848,3449.72
21849,20294.79
21850,8491.13
21851,12988.03
21852,12459.09
21853,2042.59
21854,48566.92
21855,47889.76
21856,6495.49
21857,70965.07
21858,37956.89
21859,36264.14
21860,3516.31
21861,8169.1
21862,18600.57
21863,89014.06
21864,31406.63
21865,7744.03
21866,24896.96
21867,21401.13
21868,15201.68
21869,5759.22
21870,54394.14
21871,40801.85
21872,33502.15
21873,71964.55
21874,38379.08
21875,27117.03
21876,11313.68
21877,17950.64
21878,85450.52133333332
21879,28315.24
21880,17563.55
21881,11729.46
21882,11669.51
21883,17411.63
21884,13843.23
21885,7211.1
21886,61238.95
21887,39217.13
21888,45094.82
21889,15343.6
21890,19761.65
21891,26320.7
21892,20432.51
21893,7873.91
21894,32863.6
21895,7089.2
21896,15633.93
21897,12920.7
21898,22080.56
21899,23461.19
21900,22338.71
21901,4966.42
21902,7405.37
21903,15079.72
21904,5813.38
21905,10152.62
21906,23763.88
21907,38411.09
21908,19746.5
21909,50432.26
21910,5467.35
21911,12415.75
21912,6068.8
21913,51092.38
21914,11131.79
21915,13943.98
21916,9464.31
21917,20039.46
21918,20479.04
21919,12069.11
21920,19212.83
21921,8625.94
21922,33519.6
21923,27433.39
21924,5539.97
21925,65608.4
21926,8319.54
21927,12899.37
21928,17450.15
21929,15366.84
21930,16456.95
21931,21463.79
21932,14756.38
21933,34851.49
21934,4111.35
21935,15458.3
21936,13228.87
21937,18202.48
21938,7076.24
21939,4648.9
21940,45958.495
21941,38205.68
21942,6291.29
21943,54440.97
21944,41528.55
21945,6550.98
21946,24216.82
21947,11523.94
21948,53621.53
21949,7138.41
21950,8150.0
21951,34246.11
21952,30035.51
21953,10950.17
21954,15326.58
21955,34935.04
21956,35116.74
21957,23052.78
21958,27665.6
21959,15448.14
21960,13545.34
21961,15575.21
21962,56117.96
21963,52346.53
21964,7771.54
21965,10500.61
21966,18958.74
21967,5047.75
21968,24178.52
21969,42557.23
21970,36053.73
21971,32200.04
21972,75832.66
21973,82761.39
21974,10324.16
21975,16444.98066666667
21976,45477.97
21977,3627.02
21978,37480.29
21979,4236.01
21980,6411.59
21981,20075.75
21982,11914.01
21983,14825.32
21984,15245.014
21985,75829.89
21986,17848.51
21987,44976.89
21988,43575.86
21989,11239.93
21990,46990.25
21991,18522.86
21992,14897.58
21993,12650.56
21994,5034.88
21995,8595.92
21996,19499.02
21997,75256.7
21998,3073.53
21999,9738.95
22000,15687.53
22001,24726.49
22002,26249.53
22003,37549.06
22004,12898.52
22005,22147.07
22006,39623.94
22007,11423.3
22008,21055.2
22009,16270.86
22010,2614.0
22011,9209.18
22012,59462.36
22013,43974.32
22014,34404.253333333334
22015,9240.25
22016,8433.26
22017,45816.7625
22018,20585.67
22019,15696.2
22020,13471.14
22021,28540.82
22022,2703.26
22023,7808.94
22024,26009.52
22025,43476.81
22026,14250.15
22027,9963.66
22028,11255.82
22029,36432.02
22030,17561.77
22031,12851.55
22032,10139.94
22033,5325.36
22034,40203.64
22035,18331.56
22036,23776.77
22037,10448.55
22038,7776.16
22039,7303.45
22040,9423.28
22041,39294.25
22042,11340.99
22043,6717.68
22044,8078.14
22045,71439.35
22046,7974.21
22047,14910.0
22048,8590.46
22049,14610.68
22050,55389.94
22051,16593.43
22052,16838.76
22053,83794.75
22054,15997.01
22055,85583.0
22056,11715.45
22057,51262.77
22058,33401.74
22059,11473.77
22060,7586.27
22061,33049.46
22062,4787.56
22063,3214.04
22064,6899.01
22065,8360.33
22066,5745.99
22067,2216.55
22068,10157.82
22069,16041.533333333333
22070,43510.14
22071,7274.44
22072,20024.21
22073,14070.67
22074,39425.15
22075,27151.95
22076,12763.3
22077,8364.91
22078,48172.98
22079,8069.54
22080,16336.17
22081,21481.1
22082,38657.13
22083,17437.786666666667
22084,18443.25
22085,7263.59
22086,6870.5
22087,79401.86
22088,2186.77
22089,27870.83
22090,9935.72
22091,7202.48
22092,16971.96
22093,63579.21
22094,31377.58
22095,14578.26
22096,5483.38
22097,34760.83
22098,6508.43
22099,72035.8
22100,17222.24
22101,6637.15
22102,2885.77
22103,4194.3
22104,32156.81
22105,17503.28
22106,42371.52
22107,15798.55
22108,15458.71
22109,31219.38
22110,2664.07
22111,17514.28
22112,12445.63
22113,8417.89
22114,15466.21
22115,22528.05
22116,23022.85
22117,60887.03
22118,66758.27
22119,8170.02
22120,7762.83
22121,20772.29
22122,39011.74
22123,8242.54
22124,8650.5
22125,20747.64
22126,81919.87
22127,10169.26
22128,67826.18
22129,13610.45
22130,50025.17
22131,23203.68
22132,3441.27
22133,7695.16
22134,16064.82
22135,37961.31
22136,6178.72
22137,31792.53
22138,7604.97
22139,34906.67
22140,6592.18
22141,45315.97
22142,17345.81
22143,38779.19
22144,8092.23
22145,24683.47
22146,20235.73
22147,6639.89
22148,24937.45
22149,8560.39
22150,10604.14
22151,22685.53
22152,28797.59
22153,8115.48
22154,24222.63
22155,11104.57
22156,40990.17
22157,23646.61
22158,14835.64
22159,18768.63
22160,76331.21
22161,7141.87
22162,7131.84
22163,7417.7
22164,15886.37
22165,5758.43
22166,80077.07833333334
22167,29400.69
22168,6285.39
22169,6334.13
22170,24695.87
22171,4285.57
22172,67118.22666666667
22173,5609.77
22174,21186.12
22175,80165.47333333333
22176,28633.94
22177,3196.58
22178,12021.33
22179,15057.23
22180,8603.02
22181,3713.63
22182,12724.17
22183,2136.19
22184,35210.64
22185,27132.47
22186,33260.43
22187,27568.94
22188,7413.91
22189,22322.82
22190,7224.51
22191,17411.91
22192,18479.57
22193,11947.94
22194,3435.59
22195,5411.85
22196,38150.63
22197,18613.53
22198,18188.43
22199,11017.99
22200,16246.12
22201,32336.64
22202,7208.25
22203,38537.05
22204,13146.91
22205,31576.04
22206,5560.42
22207,14041.03
22208,17096.08
22209,24164.04
22210,3795.57
22211,18317.67
22212,5951.7
22213,2229.58
22214,92422.37666666666
22215,5977.03
22216,20253.78
22217,7662.78
22218,15715.95
22219,3992.46
22220,39172.82
22221,13248.25
22222,8595.58
22223,39390.51
22224,61273.08
22225,18364.39
22226,9347.69
22227,26411.57
22228,8849.95
22229,9569.12
22230,6192.09
22231,40979.61
22232,6104.76
22233,51640.79
22234,4812.12
22235,12163.04
22236,25806.66
22237,4295.52
22238,8674.18
22239,18336.08
22240,42353.5
22241,23078.82
22242,47080.61
22243,30320.23
22244,25236.77
22245,2384.9
22246,13192.83
22247,32899.12
22248,15055.95
22249,12779.02
22250,23946.47
22251,4025.87
22252,30902.12
22253,32204.91
22254,59975.76
22255,20382.79
22256,14170.23
22257,73072.34
22258,8640.58
22259,8185.45
22260,5179.27
22261,16113.62
22262,11335.5
22263,18113.72
22264,3206.98
22265,6151.94
22266,38674.32
22267,14509.65
22268,15809.683833333333
22269,22528.78
22270,7865.57
22271,8994.28
22272,9738.52
22273,25536.84
22274,4999.66
22275,12583.13
22276,6752.36
22277,5707.76
22278,5164.71
22279,55771.74
22280,17630.82
22281,44567.83
22282,7642.21
22283,10129.62
22284,10978.46
22285,8688.22
22286,29447.99
22287,26802.26
22288,14434.65
22289,21400.03
22290,2366.14
22291,34116.29
22292,13127.07
22293,59791.49
22294,9963.35
22295,20884.92
22296,12291.01
22297,10504.21
22298,25013.83
22299,9706.86
22300,5869.87
22301,10743.45
22302,9466.86
22303,24466.36
22304,10553.24
22305,74384.96
22306,27160.47
22307,22343.68
22308,5144.53
22309,9056.58
22310,41728.46
22311,19667.87
22312,45133.81
22313,60299.87
22314,18116.15
22315,18164.05
22316,59822.57
22317,4118.13
22318,77929.12
22319,42215.29
22320,25959.03
22321,4648.19
22322,2763.34
22323,14319.17
22324,21955.98
22325,23273.77
22326,87770.58
22327,6238.69
22328,23565.31
22329,18536.08
22330,34626.17
22331,80209.2
22332,5982.55
22333,2278.02
22334,8693.6
22335,83314.59
22336,6822.33
22337,16731.5
22338,12412.59
22339,6618.78
22340,6058.15
22341,14698.62
22342,5329.68
22343,6405.37
22344,16095.38
22345,13434.04
22346,8798.92
22347,44903.02
22348,13949.89
22349,4881.34
22350,35995.26
22351,60246.7
22352,19283.19
22353,86753.06
22354,5425.0
22355,22973.88
22356,27366.06
22357,11748.08
22358,7873.47
22359,9894.41
22360,5829.28
22361,35424.91
22362,6868.07
22363,6008.08
22364,8056.69
22365,39726.95
22366,4821.81
22367,7370.94
22368,35120.79
22369,13368.23
22370,12952.67
22371,5853.93
22372,11898.2
22373,80293.7
22374,12057.09
22375,12827.0
22376,8334.37
22377,30045.86
22378,10060.71
22379,5745.96
22380,13546.281666666668
22381,4088.31
22382,6993.03
22383,20803.44
22384,6176.87
22385,4869.98
22386,14369.58
22387,12170.31
22388,3798.81
22389,5277.17
22390,5072.54
22391,3993.97
22392,10221.48
22393,13586.8
22394,8324.3
22395,15654.25
22396,20568.9
22397,17926.73
22398,7676.74
22399,10372.3
22400,10920.5
22401,21007.45
22402,7271.69
22403,21793.45
22404,26728.63
22405,37068.26
22406,5708.86
22407,22695.37
22408,19648.25
22409,17077.24
22410,35952.0
22411,82642.96
22412,47844.67
22413,14145.57
22414,13515.79
22415,65253.67
22416,13284.13
22417,4830.43
22418,9708.09
22419,53697.03166666667
22420,21187.7
22421,9359.02
22422,45645.27
22423,4395.23
22424,10506.09
22425,17877.96
22426,13539.54
22427,7018.03
22428,6917.51
22429,62237.96
22430,25901.43
22431,7232.27
22432,15012.38
22433,29155.04
22434,12345.99
22435,4291.7
22436,19521.7
22437,15773.79
22438,20931.99
22439,12946.87
22440,11176.56
22441,19800.08
22442,26632.95
22443,2326.6
22444,83292.24
22445,8045.46
22446,23391.38
22447,44359.7
22448,70868.46
22449,21785.74
22450,9427.65
22451,35928.69
22452,14870.57
22453,19647.29
22454,3109.5
22455,10953.67
22456,19644.87
22457,29915.32
22458,7364.4
22459,10108.63
22460,8370.02
22461,16671.44
22462,5815.15
22463,12340.13
22464,45561.46
22465,16835.85
22466,20034.0
22467,19595.21
22468,19906.65
22469,15430.77
22470,7390.89
22471,24121.43
22472,18894.61
22473,8085.35
22474,26091.74
22475,40942.47
22476,30778.96
22477,18008.93
22478,16256.29
22479,25271.55
22480,17348.32
22481,41530.14
22482,33346.99
22483,89618.44
22484,15175.61
22485,11580.49
22486,18237.69
22487,12303.37
22488,15715.55
22489,36290.69
22490,26255.8325
22491,17284.94
22492,89178.86
22493,8954.0
22494,12961.24
22495,39456.93
22496,26981.48
22497,13870.37
22498,35950.47666666667
22499,7647.06
22500,21630.32
22501,44809.68
22502,87798.03833333332
22503,28782.27
22504,41119.93
22505,19014.61
22506,35410.52
22507,34969.48
22508,9802.22
22509,28652.2
22510,14442.49
22511,26293.55
22512,8722.66
22513,16182.63
22514,12265.243333333332
22515,12690.68
22516,40698.66
22517,42760.06
22518,32374.94
22519,7728.13
22520,85319.54
22521,9120.68
22522,11763.05
22523,19685.28
22524,11718.81
22525,23442.91
22526,94026.22
22527,12228.07
22528,27449.63
22529,20931.16
22530,14599.26
22531,17967.76
22532,28081.07
22533,10359.47
22534,5729.23
22535,12925.51
22536,12970.8
22537,4812.06
22538,5135.11
22539,72055.13
22540,17155.28
22541,11154.26
22542,40484.21
22543,4699.07
22544,53134.74
22545,19716.1
22546,11343.93
22547,19740.45
22548,47154.36
22549,66356.61
22550,47323.33
22551,5023.23
22552,25329.93
22553,27861.74
22554,16559.57
22555,13409.72
22556,36662.93
22557,3858.17
22558,52695.69
22559,19541.07
22560,3082.64
22561,9289.54
22562,7446.67
22563,19129.07
22564,11495.26
22565,7635.37
22566,15099.41
22567,54305.47
22568,4191.24
22569,42870.16
22570,12720.73
22571,6490.09
22572,10132.81
22573,6001.07
22574,56623.0
22575,13777.52
22576,21713.96
22577,6873.145
22578,3071.43
22579,14941.01
22580,47095.38
22581,53046.1
22582,15438.473333333333
22583,4225.71
22584,13391.29
22585,14369.46
22586,31318.23
22587,10077.49
22588,31856.9
22589,31693.04
22590,5155.62
22591,3280.83
22592,83074.22
22593,5508.53
22594,6266.97
22595,79010.1
22596,15476.2
22597,9810.85
22598,8932.6
22599,4492.44
22600,11278.82
22601,16958.84
22602,27868.19
22603,17740.38
22604,6871.57
22605,8523.31
22606,14035.11
22607,8028.22
22608,28866.7
22609,17406.77
22610,83176.31
22611,27321.39
22612,14895.16
22613,14065.41
22614,5215.37
22615,51393.47
22616,24372.49
22617,15052.84
22618,37285.73
22619,86595.72
22620,16185.14
22621,9822.07
22622,22182.85
22623,55094.52
22624,20119.32
22625,7059.23
22626,15512.4
22627,84583.75
22628,14725.16
22629,19104.22
22630,11052.78
22631,30196.1
22632,43848.59
22633,89960.82800000001
22634,4673.32
22635,30806.51
22636,3511.66
22637,3443.06
22638,4642.76
22639,12136.48
22640,24475.73
22641,20163.01
22642,5156.97
22643,7066.9
22644,12412.89
22645,35332.22
22646,78219.75
22647,50440.0
22648,15153.54
22649,79179.98
22650,18276.6
22651,13978.63
22652,15934.74
22653,4252.34
22654,11856.43
22655,32887.69
22656,34397.44
22657,13930.02
22658,17840.5
22659,7808.21
22660,35051.31
22661,7117.95
22662,14358.47
22663,51000.47
22664,25224.36
22665,70213.6
22666,6215.23
22667,27361.22
22668,33971.91
22669,12186.66
22670,43514.43
22671,56394.13
22672,58747.88
22673,14052.05
22674,10681.11
22675,11939.69
22676,8013.99
22677,4799.0
22678,4711.94
22679,54069.83
22680,19556.82
22681,8349.9
22682,10297.02
22683,22519.16
22684,12795.43
22685,32770.87
22686,12564.67
22687,3583.83
22688,90967.86
22689,5705.21
22690,22628.48
22691,54865.55
22692,29048.82
22693,7647.63
22694,46505.62
22695,86702.3
22696,29707.37
22697,6881.24
22698,8186.02
22699,11610.25
22700,13982.94
22701,16273.87
22702,16118.19
22703,5737.82
22704,44027.11
22705,4642.4
22706,11241.52
22707,26714.0
22708,11926.62
22709,34694.34
22710,43114.31
22711,12256.02
22712,10423.99
22713,28649.96
22714,42489.01
22715,9619.59
22716,13353.21
22717,11130.17
22718,13371.58
22719,12538.3
22720,22854.49
22721,42511.31
22722,24010.23
22723,2648.77
22724,19042.64
22725,13953.64
22726,19584.49
22727,14584.81
22728,14766.53
22729,15282.52
22730,8661.61
22731,19195.38
22732,18599.5
22733,9117.6
22734,40399.16
22735,23738.49
22736,12858.59
22737,25724.07
22738,10953.71
22739,43820.83
22740,5106.49
22741,13381.76
22742,5533.86
22743,13496.383333333335
22744,10149.22
22745,3175.73
22746,35519.42
22747,20690.94
22748,13427.55
22749,14055.88
22750,14097.9
22751,12882.74
22752,19509.565
22753,5687.57
22754,75718.68
22755,17620.46
22756,33153.96
22757,14533.67
22758,5356.71
22759,26364.334625541127
22760,12787.96
22761,20753.68
22762,32613.4
22763,11852.81
22764,8997.24
22765,50196.8
22766,14278.76
22767,25672.36
22768,7529.8
22769,43271.71
22770,31174.32
22771,73590.61
22772,39222.08
22773,2007.16
22774,36671.3
22775,42604.61
22776,7608.45
22777,13928.5
22778,24407.87
22779,44406.34
22780,3272.49
22781,4858.12
22782,3428.97
22783,15454.88
22784,4121.1
22785,4566.9
22786,45886.0
22787,14632.89
22788,34806.04
22789,22201.99
22790,65781.58
22791,20319.53
22792,88471.77
22793,8382.02
22794,46112.4
22795,4439.28
22796,14234.52
22797,16090.21
22798,7469.36
22799,10469.74
22800,42329.33
22801,46854.14
22802,49701.38
22803,34272.69
22804,63345.29
22805,47159.29166666666
22806,18936.82
22807,10796.9
22808,38144.59
22809,14180.65
22810,7891.59
22811,42844.5
22812,23047.99
22813,26291.85
22814,6981.29
22815,4312.85
22816,24198.14
22817,11762.63
22818,17707.16
22819,42735.85
22820,7823.01
22821,12411.92
22822,8571.92
22823,20655.31
22824,5977.61
22825,3554.75
22826,15673.72
22827,3205.65
22828,36831.59
22829,23252.81
22830,32355.72
22831,53998.3
22832,33574.29
22833,6065.99
22834,7242.57
22835,14318.92
22836,85929.16
22837,33678.43
22838,47469.12
22839,8752.72
22840,12219.14
22841,30993.63
22842,5680.31
22843,34443.88
22844,11444.61
22845,12209.65
22846,28009.45
22847,14892.22
22848,4340.05
22849,42894.56
22850,11152.55
22851,22740.79
22852,40671.3
22853,41094.53
22854,12369.47
22855,60899.97
22856,38280.76
22857,68382.18
22858,18089.21
22859,12688.49
22860,6896.08
22861,16086.85
22862,23918.56
22863,15164.86
22864,13248.53
22865,47038.81
22866,25629.45
22867,5812.64
22868,20700.08
22869,14880.92
22870,8903.33
22871,12650.75
22872,56536.07
22873,22270.64
22874,42860.78
22875,23833.57
22876,10827.28
22877,67596.59
22878,5430.67
22879,7385.87
22880,77618.51
22881,6036.61
22882,12972.65
22883,14378.22
22884,15655.6
22885,5503.71
22886,4280.44
22887,14388.99
22888,64631.82
22889,7516.01
22890,69880.575
22891,28535.74
22892,90635.34833333334
22893,51949.52
22894,7290.27
22895,12880.5
22896,9991.21
22897,73282.14666666667
22898,49899.26
22899,20878.51
22900,5127.08
22901,6212.98
22902,50622.36
22903,4397.97
22904,29367.99
22905,5823.33
22906,4231.81
22907,53416.86
22908,44461.68
22909,28368.63
22910,4068.88
22911,22107.5
22912,12518.87
22913,6905.42
22914,8852.29
22915,23220.6
22916,37361.11
22917,14522.64
22918,12252.92
22919,55313.16
22920,5538.48
22921,63951.3
22922,9020.68
22923,28507.91
22924,13269.475
22925,9035.04
22926,13388.52
22927,54964.71
22928,45037.37
22929,12366.44
22930,15258.89
22931,11167.45
22932,37652.94
22933,28488.28
22934,6360.91
22935,5756.85
22936,70404.52
22937,22500.84
22938,11691.83
22939,27001.74
22940,32336.98
22941,55311.32
22942,32385.35
22943,55257.69
22944,73968.464
22945,9553.73
22946,4755.45
22947,13995.15
22948,14550.96
22949,17256.54
22950,39070.84
22951,33254.02
22952,6387.98
22953,17483.41
22954,9227.08
22955,24458.7
22956,9540.93
22957,5386.88
22958,22869.42
22959,4117.1
22960,36600.3
22961,19157.95
22962,47047.67
22963,15226.7
22964,78652.01
22965,11008.11
22966,15214.3
22967,6893.42
22968,4977.64
22969,14899.09
22970,45438.58
22971,14690.09
22972,17573.25
22973,22075.46
22974,19422.25
22975,4464.84
22976,6178.49
22977,15171.92
22978,20321.56
22979,72093.87
22980,33579.53
22981,57111.35
22982,12591.19
22983,22482.98
22984,21257.56
22985,11603.4
22986,22685.42
22987,27751.17
22988,2396.86
22989,12662.01
22990,14091.0
22991,39964.86
22992,31188.38
22993,9179.56
22994,24974.22
22995,6231.45
22996,7337.34
22997,44705.39
22998,53476.39
22999,3787.17
23000,46904.15
23001,19030.67
23002,18398.9
23003,59624.705
23004,8735.41
23005,24327.68
23006,16568.43
23007,10284.25
23008,3967.07
23009,61975.05
23010,16487.38
23011,9659.41
23012,24196.96
23013,12836.5
23014,3342.76
23015,23151.38
23016,5779.68
23017,11511.41
23018,30373.26
23019,22728.43
23020,6287.85
23021,15998.66
23022,3592.93
23023,39707.19
23024,41643.6
23025,21381.01
23026,11626.43
23027,4969.51
23028,17049.12
23029,37607.29
23030,25078.08
23031,4277.21
23032,25196.57
23033,7505.81
23034,27506.73
23035,9468.2
23036,12660.9
23037,10604.06
23038,11129.46
23039,3131.46
23040,16572.52
23041,20278.89
23042,8160.46
23043,19926.83
23044,39825.42
23045,14338.98
23046,20396.43
23047,36622.97
23048,22456.96
23049,10092.9
23050,33773.33
23051,6715.62
23052,8768.86
23053,2565.6
23054,35034.97
23055,93238.12
23056,35360.2
23057,14092.9
23058,37768.49
23059,17987.06
23060,6040.49
23061,26793.37
23062,6251.73
23063,26143.59
23064,4436.07
23065,35120.79
23066,46175.51
23067,13646.63
23068,7627.14
23069,54610.52
23070,6962.88
23071,16134.38
23072,21526.37
23073,31952.38
23074,72960.035
23075,44607.85
23076,11647.7
23077,7187.57
23078,21724.89
23079,2113.66
23080,3769.46
23081,5104.51
23082,9071.18
23083,3761.85
23084,7366.7
23085,36712.33
23086,2194.83
23087,6652.66
23088,27846.19
23089,11502.26
23090,54916.43
23091,13383.88
23092,29682.08
23093,5012.93
23094,5478.58
23095,45815.32
23096,6847.7
23097,3787.19
23098,10774.1
23099,5801.54
23100,10016.24
23101,14128.21
23102,10970.07
23103,5859.35
23104,41732.56
23105,45164.99
23106,6164.28
23107,20525.8
23108,35412.49
23109,8402.34
23110,18926.25
23111,15668.55
23112,15018.0
23113,39233.38
23114,75885.4
23115,14263.64
23116,19890.14
23117,13123.34
23118,13951.8
23119,27608.9
23120,31853.78
23121,5305.2
23122,20336.03
23123,14639.73
23124,14943.64
23125,45768.78
23126,10737.17
23127,22257.31
23128,4832.8
23129,7187.31
23130,8466.15
23131,19002.05
23132,9935.41
23133,16683.18
23134,19789.65
23135,27897.61
23136,36814.61
23137,14292.34
23138,20712.52
23139,8999.04
23140,56839.52
23141,72671.79
23142,6089.2
23143,7113.48
23144,66893.25333333334
23145,8056.79
23146,12513.28
23147,36439.77
23148,8537.26
23149,7520.22
23150,42974.07
23151,49815.84
23152,21131.58
23153,65385.26
23154,31066.05
23155,43569.65
23156,17910.61
23157,17858.74
23158,10927.28
23159,26235.41
23160,43346.89
23161,89480.81
23162,43813.77
23163,4947.91
23164,13372.4
23165,23512.8
23166,38324.89
23167,9281.39
23168,37445.97
23169,71519.77
23170,28923.7
23171,5595.06
23172,19910.15
23173,89006.96
23174,58786.105
23175,8583.02
23176,43249.3
23177,7537.19
23178,51350.96
23179,9654.22
23180,2672.16
23181,30051.78
23182,8689.39
23183,82785.81
23184,57780.17
23185,26834.47
23186,20449.04
23187,51450.56
23188,55112.55
23189,44956.16
23190,32794.27
23191,82649.8
23192,60947.56
23193,53743.74
23194,8561.36
23195,5294.55
23196,28865.17
23197,12751.93
23198,44531.71
23199,26220.51
23200,8449.09
23201,40126.64
23202,14304.38
23203,14278.95
23204,20219.20242857143
23205,21643.77
23206,22823.7
23207,14537.02
23208,13898.86
23209,3700.74
23210,13419.65
23211,6049.79
23212,11796.55
23213,12035.45
23214,17472.61
23215,12624.74
23216,10596.32
23217,3968.45
23218,8742.31
23219,25273.07
23220,57642.82
23221,17673.46
23222,33907.38
23223,14827.62
23224,7269.01
23225,46148.95
23226,2989.67
23227,9555.77
23228,5539.01
23229,12736.03
23230,6313.36
23231,11335.86
23232,78901.15
23233,23089.48
23234,19245.45
23235,15583.1775
23236,15058.22
23237,17151.56
23238,9632.35
23239,9125.41
23240,14250.62
23241,3027.26
23242,83474.6
23243,3252.66
23244,63213.88
23245,44600.79
23246,4060.98
23247,8806.44
23248,22024.31
23249,12144.33
23250,8116.18
23251,8982.72
23252,15060.92
23253,10751.4
23254,9046.29
23255,17440.64
23256,6172.24
23257,19097.403666666665
23258,79737.88
23259,52829.25
23260,2405.19
23261,15570.13
23262,6722.08
23263,9981.37
23264,33397.7
23265,4253.71
23266,36731.93
23267,59328.74
23268,3030.82
23269,55427.95
23270,21435.77
23271,30126.89
23272,28623.22
23273,34653.58
23274,14721.59
23275,32667.4
23276,3577.71
23277,28426.756666666668
23278,43449.01
23279,5942.87
23280,11251.86
23281,80292.52
23282,57254.01
23283,76315.63
23284,49528.10400000001
23285,17784.46
23286,40370.23
23287,17053.28
23288,10598.88
23289,2929.15
23290,2132.47
23291,59817.9
23292,83896.28
23293,34740.31
23294,13054.12
23295,4085.53
23296,35493.59
23297,13197.85
23298,15234.89
23299,8987.46
23300,11555.21
23301,28125.31
23302,23250.52
23303,3465.64
23304,6439.33
23305,69912.67
23306,8416.78
23307,7032.91
23308,31209.15
23309,5123.43
23310,4394.35
23311,42969.74
23312,94970.26833333333
23313,17250.87
23314,7932.12
23315,8606.27
23316,42181.06
23317,28539.41
23318,6875.17
23319,19322.81
23320,56066.27
23321,76458.18833333332
23322,54006.82
23323,19839.17
23324,52187.54
23325,36638.32
23326,38858.44
23327,5693.17
23328,6451.75
23329,6492.1
23330,15908.81
23331,17202.21
23332,31395.69
23333,18929.28
23334,12522.64
23335,15376.21
23336,48595.28
23337,9687.98
23338,42408.98
23339,6629.01
23340,2635.15
23341,66425.56
23342,4304.0
23343,25918.57
23344,2831.84
23345,29370.07
23346,23885.09
23347,11799.37
23348,11075.1
23349,13703.36
23350,17306.55
23351,14523.27
23352,6355.23
23353,5421.38
23354,11955.66
23355,44724.45
23356,21330.59
23357,16212.69
23358,22256.23
23359,22766.34
23360,5851.76
23361,53722.77
23362,8606.99
23363,19390.14
23364,8278.23
23365,5184.66
23366,4886.26
23367,14767.73
23368,12894.98
23369,9536.95
23370,15713.87
23371,7477.57
23372,66993.92
23373,7464.55
23374,66002.19966666667
23375,10220.69
23376,13871.68
23377,42087.71
23378,13561.41
23379,39124.47
23380,87142.55
23381,18231.09
23382,23578.55
23383,5384.02
23384,46272.4
23385,5648.86
23386,16393.75
23387,28780.84
23388,40981.23
23389,7731.78
23390,3083.76
23391,8205.27
23392,19081.3
23393,11470.88
23394,12204.15
23395,4630.89
23396,13569.21
23397,35543.36
23398,2701.71
23399,9723.27
23400,24919.98
23401,41884.6
23402,20939.05
23403,6284.81
23404,19191.55
23405,5251.28
23406,15914.47
23407,10841.69
23408,41539.79
23409,12075.27
23410,14098.57
23411,31228.82
23412,3758.18
23413,25821.43
23414,19558.75
23415,46477.93
23416,22782.69
23417,67790.09
23418,8627.46
23419,14339.21
23420,32435.156666666666
23421,9007.54
23422,4452.71
23423,21492.543333333335
23424,11775.63
23425,9665.08
23426,51617.85
23427,15113.32
23428,38995.14
23429,17577.75
23430,77555.83
23431,44466.53
23432,5182.79
23433,63191.28
23434,19982.45
23435,15381.58
23436,7065.57
23437,6409.07
23438,9722.02
23439,25480.67
23440,44965.7
23441,12683.68
23442,3437.7
23443,6974.86
23444,16744.46
23445,55170.69
23446,6655.67
23447,15014.72
23448,5919.91
23449,33785.45
23450,12841.41
23451,7717.7928571428565
23452,18550.95
23453,6519.48
23454,20115.33
23455,6073.57
23456,17076.63
23457,37560.66
23458,13027.22
23459,30147.34
23460,10701.9
23461,31383.09
23462,30186.13
23463,63679.96
23464,3823.35
23465,4051.26
23466,17299.07
23467,22971.57
23468,53982.2
23469,7634.85
23470,44281.24
23471,18572.68
23472,9612.4
23473,91130.36
23474,4911.34
23475,7119.49
23476,11250.74
23477,17511.32
23478,8987.47
23479,13722.75
23480,50226.98
23481,41960.44
23482,28565.94
23483,6088.88
23484,11197.0
23485,37048.29
23486,18950.41
23487,42161.14
23488,7826.76
23489,21684.631666666664
23490,15140.66
23491,49708.09
23492,39689.93
23493,8900.99
23494,13580.07
23495,3396.36
23496,5285.34
23497,73910.98
23498,27363.24
23499,14187.96
23500,23449.66
23501,8268.34
23502,13574.48
23503,7404.37
23504,13518.97
23505,9836.41
23506,3816.87
23507,69308.05
23508,2700.17
23509,18762.72
23510,14070.79
23511,46691.53
23512,9137.57
23513,70516.52
23514,34148.36
23515,11775.02
23516,13261.12
23517,46485.76
23518,6528.39
23519,11868.0
23520,21840.29
23521,32431.45
23522,11385.96
23523,88478.95
23524,14371.6
23525,8586.8
23526,24587.18
23527,4657.37
23528,60158.76
23529,20936.72
23530,12083.13
23531,11615.92
23532,24399.73
23533,17260.59
23534,12758.65
23535,8219.28
23536,5801.37
23537,63540.66
23538,9949.77
23539,30783.26
23540,35524.38
23541,12427.32
23542,10780.28
23543,28167.43
23544,3491.71
23545,3008.57
23546,16911.17
23547,32479.516666666666
23548,44085.43
23549,29029.91
23550,9690.65
23551,62014.18
23552,8535.77
23553,21675.78
23554,12492.8
23555,8812.28
23556,10998.66
23557,10668.363333333333
23558,10576.61
23559,39753.23
23560,12411.25
23561,36362.23
23562,19413.19
23563,22582.86
23564,14732.3
23565,41476.99
23566,13741.83
23567,6415.32
23568,11075.08
23569,5951.49
23570,3810.38
23571,5572.23
23572,12029.75
23573,18826.2
23574,9563.85
23575,5791.13
23576,52967.17
23577,23950.65
23578,13764.63
23579,11557.5
23580,32551.4
23581,5612.7
23582,5858.25
23583,31600.39
23584,8082.47
23585,6384.89
23586,8248.45
23587,19779.8
23588,7087.32
23589,15509.03
23590,8014.61
23591,6044.64
23592,29539.71
23593,7719.11
23594,32879.1
23595,14661.01
23596,2768.55
23597,16513.63
23598,24689.08
23599,22024.19
23600,28989.7
23601,19264.91
23602,3375.51
23603,5984.91
23604,13583.66
23605,7865.12
23606,6700.0
23607,38413.99
23608,35005.76
23609,14423.88
23610,48498.85
23611,16444.64
23612,11763.4
23613,26085.34
23614,17848.51
23615,6955.27
23616,15269.076666666668
23617,46239.21
23618,5673.81
23619,19264.73
23620,10709.96
23621,7723.26
23622,18200.92
23623,27029.11
23624,15692.23
23625,36780.14
23626,13655.71
23627,40753.99
23628,24817.99
23629,78267.33
23630,12723.76
23631,6715.28
23632,13545.41
23633,23719.83
23634,16231.05
23635,49244.26
23636,49988.06
23637,19957.3
23638,24936.39
23639,33716.23333333334
23640,12317.08
23641,27067.83
23642,14068.01
23643,16648.03
23644,14551.26
23645,4975.64
23646,19584.44
23647,16280.32
23648,38441.53
23649,23987.15
23650,20521.05
23651,31862.94
23652,15390.68
23653,9699.59
23654,64215.09
23655,12014.86
23656,7160.79
23657,41767.16
23658,8339.49
23659,20268.76
23660,2578.03
23661,14744.2
23662,26363.24
23663,30056.65
23664,16708.085
23665,7654.89
23666,19920.65
23667,4656.34
23668,27065.48
23669,48740.59
23670,45157.59
23671,3036.04
23672,8695.47
23673,10333.91
23674,44715.27
23675,3631.49
23676,6013.84
23677,8563.54
23678,15209.889999999998
23679,24161.96
23680,46178.7
23681,76217.76
23682,6473.86
23683,19684.05
23684,49065.34
23685,54173.36
23686,13565.66
23687,53457.64
23688,4827.66
23689,4529.95
23690,6235.15
23691,2963.93
23692,4304.6
23693,22058.37
23694,28972.15
23695,6409.13
23696,34196.06
23697,10147.33
23698,16136.32
23699,35585.16
23700,9588.19
23701,43436.8
23702,86027.74
23703,26696.06
23704,11173.86
23705,12206.44
23706,6783.13
23707,31398.75
23708,10777.35
23709,6050.78
23710,12406.74
23711,12482.43
23712,5961.09
23713,27083.77
23714,13441.62
23715,10554.43
23716,9168.03
23717,7908.16
23718,68098.29
23719,6140.63
23720,7922.76
23721,44428.43
23722,69934.68
23723,14470.47
23724,13450.33
23725,5062.93
23726,8965.05
23727,8182.45
23728,22537.53
23729,53186.8075
23730,29049.31
23731,12961.37
23732,6461.52
23733,3105.05
23734,30888.93
23735,64909.5
23736,18881.46
23737,16069.64
23738,47845.75
23739,84784.3
23740,13841.92
23741,22893.7
23742,11121.7
23743,13811.26
23744,2265.33
23745,8125.74
23746,22791.43
23747,50106.7
23748,92016.51133333334
23749,24038.75
23750,30097.41
23751,14800.13
23752,5303.68
23753,22141.21
23754,44218.41
23755,36429.5
23756,52537.14
23757,16175.82
23758,7478.58
23759,70749.04
23760,19197.538357142854
23761,32866.24
23762,26098.81
23763,23890.54
23764,7499.69
23765,36762.77
23766,89887.35
23767,5967.25
23768,4676.35
23769,18297.09
23770,54571.06
23771,28666.45
23772,11376.62
23773,17048.53
23774,26974.56
23775,13608.36
23776,3355.73
23777,11068.72
23778,26434.91666666666
23779,6760.26
23780,8098.494523809523
23781,6138.66
23782,11573.77
23783,14435.93
23784,37814.89
23785,7513.01
23786,14826.133333333333
23787,93039.64
23788,11445.77
23789,32819.5
23790,9837.2
23791,11997.25
23792,11635.09
23793,8204.73
23794,8731.25
23795,76835.07
23796,28953.11
23797,14507.14
23798,7919.52
23799,6142.74
23800,15139.986666666668
23801,50608.16
23802,41016.89
23803,25817.35
23804,11158.21
23805,27717.02
23806,3160.31
23807,6142.55
23808,83366.27
23809,11988.6
23810,2825.5
23811,4689.86
23812,12621.06
23813,14849.08
23814,16251.71
23815,6361.43
23816,54555.81
23817,83777.03
23818,16853.76
23819,1893.36
23820,17479.1
23821,21599.02
23822,5793.92
23823,9485.35
23824,49318.71
23825,11716.76
23826,24775.05
23827,12894.79
23828,14659.06
23829,4589.69
23830,13795.51
23831,50689.76
23832,4426.31
23833,59052.01
23834,24698.49
23835,25397.92
23836,33046.91
23837,18046.08
23838,45525.12
23839,2827.94
23840,15213.05
23841,10862.1
23842,14803.28
23843,20929.06
23844,29136.57
23845,8046.47
23846,3618.49
23847,4265.96
23848,10084.36
23849,10018.67
23850,20549.67
23851,18692.92
23852,26157.92
23853,50194.96666666667
23854,50969.13
23855,24237.35
23856,8311.39
23857,78781.42
23858,5497.58
23859,24185.29
23860,7813.98
23861,16109.22
23862,19458.63
23863,12737.28
23864,12056.03
23865,46458.16
23866,51134.09
23867,17984.07
23868,17399.16
23869,41740.73
23870,5566.94
23871,2205.48
23872,8232.04
23873,22423.36
23874,6250.5
23875,72801.79
23876,2019.73
23877,28884.81
23878,41722.94
23879,5703.73
23880,10937.79
23881,22499.74
23882,24968.01
23883,10337.56
23884,11825.445
23885,79628.72
23886,5862.4
23887,6363.14
23888,30054.86
23889,13636.61
23890,40486.95
23891,26823.49
23892,12227.76
23893,46701.46
23894,6167.71
23895,16564.05
23896,25689.91
23897,54809.21
23898,3484.07
23899,24239.22
23900,47038.84
23901,5058.22
23902,50663.05
23903,10698.62
23904,12726.7
23905,12974.15
23906,2258.53
23907,27486.27
23908,42859.56
23909,13464.62
23910,73178.14
23911,5067.36
23912,5215.84
23913,14790.06
23914,23985.99
23915,17089.32
23916,37668.95
23917,17058.97
23918,22032.54
23919,8047.27
23920,11455.57
23921,48747.34
23922,12791.04
23923,22680.16
23924,26342.08
23925,72904.215
23926,25843.96
23927,14022.09
23928,29513.53
23929,12527.23
23930,15219.25
23931,12660.34
23932,29532.895
23933,20507.27
23934,79869.15
23935,43976.07
23936,62201.36
23937,11418.72
23938,13573.18
23939,23364.6
23940,7118.01
23941,16708.85
23942,12100.26
23943,8173.22
23944,24159.07333333333
23945,10598.63
23946,30540.94
23947,12055.68
23948,29382.02
23949,10070.89
23950,9654.98
23951,34080.24
23952,85583.49
23953,7123.17
23954,26891.23
23955,9813.42
23956,12588.42
23957,33357.39
23958,7453.82
23959,5578.79
23960,21854.08
23961,41560.97
23962,10867.7
23963,83293.41
23964,95025.59333333334
23965,62405.44
23966,4019.54
23967,7838.1
23968,60380.79
23969,5356.33
23970,5812.18
23971,34686.29
23972,44563.65
23973,53745.59166666667
23974,9471.88
23975,12441.6
23976,4650.08
23977,40114.73
23978,14110.71
23979,14863.92
23980,6525.07
23981,51842.785
23982,21010.04
23983,19077.25
23984,4911.44
23985,24106.28
23986,27259.24
23987,14901.68
23988,10264.06
23989,21758.66
23990,41190.95
23991,4233.21
23992,17564.8
23993,17637.09
23994,6998.16
23995,10532.61
23996,12701.47
23997,24170.83
23998,14467.82
23999,21561.88
24000,46263.85
24001,8404.14
24002,7054.54
24003,68669.07
24004,9476.76
24005,17440.6
24006,16617.86
24007,5789.2
24008,28463.27
24009,22482.16
24010,10784.94
24011,15584.84
24012,20567.44
24013,45020.14
24014,48271.35
24015,8945.67
24016,13347.66
24017,4774.91
24018,72373.22
24019,10078.29
24020,4364.75
24021,18048.01
24022,21668.99
24023,18954.56
24024,34864.95
24025,7890.46
24026,17597.14
24027,10819.02
24028,18208.35
24029,20336.33
24030,3082.8
24031,18615.04
24032,3209.39
24033,6115.76
24034,29142.1
24035,5932.84
24036,17008.01
24037,5071.58
24038,8652.76
24039,13003.46
24040,7622.43
24041,14040.88
24042,6450.8
24043,2738.23
24044,3187.45
24045,7408.71
24046,33685.61
24047,31130.28
24048,14522.29
24049,4903.5
24050,32616.09
24051,28120.47
24052,44069.69
24053,11688.96
24054,4853.51
24055,84796.79
24056,28267.1
24057,6375.73
24058,2507.21
24059,28445.27
24060,3844.96
24061,34943.9
24062,24602.82
24063,8213.43
24064,39566.6
24065,5241.85
24066,4677.68
24067,75943.77
24068,14725.12
24069,57325.66
24070,22824.16
24071,26360.72
24072,14293.55
24073,14177.73
24074,27228.97
24075,53612.15
24076,77117.57
24077,7768.27
24078,11107.62
24079,29707.28
24080,3155.86
24081,28282.93
24082,15577.5
24083,3028.24
24084,45689.78
24085,23273.17
24086,61142.6
24087,7190.31
24088,15247.52
24089,3180.69
24090,72901.15333333334
24091,17506.53
24092,11435.68
24093,24313.93
24094,11035.1
24095,4669.42
24096,29782.05
24097,5727.56
24098,14454.61
24099,19048.43
24100,8329.023333333333
24101,28232.33
24102,37541.82
24103,9993.34
24104,18442.08
24105,73765.9
24106,9119.92
24107,38550.61
24108,20120.75
24109,20579.306666666667
24110,14466.88
24111,12743.11
24112,23671.39
24113,37897.74
24114,9903.74
24115,35900.37
24116,27382.96
24117,32397.94
24118,18321.23
24119,6181.33
24120,81169.72
24121,6464.43
24122,28358.77
24123,11816.71
24124,41801.31
24125,19692.11
24126,21100.29
24127,38942.61
24128,35220.54
24129,46016.01
24130,16654.93
24131,22585.14
24132,33062.21
24133,39007.65
24134,71792.19
24135,6886.04
24136,17394.24
24137,49931.15
24138,13188.56
24139,23895.07
24140,9995.23
24141,50556.13
24142,4815.68
24143,4423.81
24144,45404.3
24145,10630.92
24146,3374.51
24147,2703.43
24148,17229.62
24149,6298.7
24150,66060.94
24151,35916.54
24152,4453.28
24153,52801.32
24154,6364.29
24155,7729.37
24156,9212.13
24157,15040.22
24158,6163.97
24159,20212.74
24160,54056.8
24161,27680.34
24162,30452.19
24163,2081.2
24164,6260.58
24165,9671.79
24166,84676.02
24167,4557.04
24168,17370.15
24169,4060.76
24170,28204.39
24171,14071.75
24172,12237.56
24173,6281.67
24174,27930.03
24175,30695.06
24176,22205.19
24177,3480.09
24178,13412.55
24179,8944.26
24180,14306.72
24181,20674.99
24182,19889.744
24183,12321.75
24184,7053.63
24185,49902.55
24186,86141.01
24187,7429.12
24188,3853.25
24189,4771.51
24190,74878.75
24191,12683.76
24192,8423.05
24193,20385.77
24194,81607.63
24195,12304.38
24196,49672.34
24197,6021.62
24198,15695.13
24199,22373.08
24200,11509.39
24201,17442.99
24202,38422.31
24203,11447.19
24204,24622.76
24205,70346.87
24206,41911.71
24207,53978.04
24208,7615.73
24209,9224.1
24210,24745.98
24211,18337.11
24212,67560.87
24213,4529.87
24214,25045.44
24215,14559.58
24216,5464.96
24217,3408.73
24218,19560.11
24219,4271.44
24220,23485.24
24221,45889.07
24222,4235.07
24223,5274.11
24224,30338.34
24225,4915.29
24226,6471.58
24227,10589.13
24228,10100.86
24229,7136.15
24230,16567.43
24231,13439.89
24232,11861.86
24233,14168.48
24234,23649.34
24235,17332.09
24236,33960.32
24237,23749.71
24238,27505.34
24239,22401.8
24240,42095.96
24241,20604.46
24242,14497.09
24243,17469.37
24244,35360.99
24245,12861.17
24246,8433.94
24247,21076.8
24248,57074.87
24249,6528.25
24250,7233.01
24251,7757.86
24252,16670.96
24253,8693.74
24254,22912.23
24255,15309.34
24256,21799.35
24257,5174.63
24258,44434.14
24259,35403.21
24260,4740.17
24261,8714.61
24262,18469.4
24263,31136.02
24264,46041.21
24265,10421.12
24266,4471.77
24267,33609.75
24268,12222.89
24269,31992.13
24270,12688.62
24271,9459.0
24272,3023.98
24273,22487.73
24274,11303.84
24275,67965.73
24276,28916.54
24277,9736.79
24278,68740.11
24279,27224.85
24280,12085.76
24281,30635.43
24282,17695.25
24283,8223.0
24284,31169.97
24285,8786.66
24286,58408.38
24287,4077.47
24288,13508.67
24289,11911.69
24290,6371.57
24291,19104.89
24292,21429.14
24293,28254.9
24294,10281.88
24295,7843.97
24296,43889.19
24297,30919.84
24298,6921.3
24299,67608.42516666667
24300,21329.55
24301,36987.88
24302,10945.8
24303,12555.82
24304,11280.13
24305,12264.16
24306,7631.1
24307,34760.83
24308,8623.68
24309,16559.99
24310,16926.67
24311,15062.37
24312,3102.2
24313,12624.94
24314,30565.85
24315,6638.18
24316,4733.63
24317,5396.66
24318,43987.66
24319,8799.12
24320,90225.1
24321,4821.24
24322,13937.0
24323,12686.61
24324,12188.94
24325,34585.27
24326,18491.83
24327,16644.57
24328,5992.65
24329,14619.57
24330,31123.58
24331,51843.68
24332,25511.12
24333,30176.28
24334,6353.84
24335,3257.27
24336,6629.03
24337,10751.44
24338,39036.31
24339,33930.8
24340,64007.38
24341,10526.35
24342,6876.01
24343,8088.48
24344,8198.16
24345,8261.35
24346,13151.85
24347,34373.05
24348,5663.84
24349,15029.36
24350,62890.59
24351,2015.81
24352,7727.77
24353,44319.39
24354,12798.39
24355,17659.12
24356,15572.31
24357,2571.69
24358,9414.61
24359,62053.44
24360,13652.11
24361,14033.68
24362,20552.933333333334
24363,5427.02
24364,26669.05
24365,3183.08
24366,23482.59
24367,5258.59
24368,15257.42
24369,15730.73
24370,34397.47
24371,15049.76
24372,10019.88
24373,34485.44
24374,33920.06
24375,13023.5
24376,14729.63
24377,8175.47
24378,2961.6
24379,35853.37
24380,6575.1
24381,22896.36
24382,9654.43
24383,68984.21
24384,11398.62
24385,17698.97
24386,10714.66
24387,2326.38
24388,6734.6
24389,8384.64
24390,23151.37
24391,3225.2
24392,37177.44
24393,30784.13
24394,52545.59
24395,9947.37
24396,24781.79
24397,14905.69
24398,10794.03
24399,5274.53
24400,7879.76
24401,45515.01
24402,36514.19
24403,76593.02
24404,6077.95
24405,15846.98
24406,5366.08
24407,7661.94
24408,14734.01
24409,8200.31
24410,10627.07
24411,19226.06
24412,4446.63
24413,12590.12
24414,7633.93
24415,47795.02683333334
24416,30286.74
24417,17463.76
24418,18989.56
24419,5226.31
24420,60455.01
24421,12426.08
24422,3942.79
24423,43480.77
24424,6727.44
24425,9751.35
24426,28955.76
24427,32008.6
24428,38402.5
24429,51729.85
24430,29889.54
24431,5171.51
24432,25465.04
24433,5292.67
24434,16304.25
24435,11435.33
24436,26687.32
24437,12207.21
24438,36064.65
24439,34470.59
24440,55532.85666666667
24441,20343.87
24442,15797.09
24443,15851.69
24444,45448.18
24445,8610.67
24446,2008.5
24447,10758.72
24448,14881.38
24449,21221.15
24450,17361.26
24451,8191.4
24452,4204.44
24453,29422.04
24454,40561.98
24455,4765.92
24456,10163.85
24457,58961.54
24458,11591.55
24459,18216.94
24460,37859.59
24461,11113.18
24462,18592.46
24463,5122.33
24464,40202.34
24465,19122.07
24466,24506.19
24467,47371.06
24468,9183.39
24469,13647.65
24470,4597.73
24471,12228.76
24472,3557.02
24473,17748.79
24474,2791.45
24475,20863.32
24476,14446.76
24477,21826.53
24478,14267.29
24479,10682.42
24480,62265.19
24481,15810.3
24482,19395.19
24483,90408.77
24484,14505.69
24485,36525.1
24486,15754.95
24487,6439.12
24488,16033.35
24489,6222.11
24490,2942.51
24491,11698.788333333336
24492,5275.22
24493,18725.75
24494,42988.31
24495,15331.16
24496,22874.38
24497,4612.21
24498,84608.52
24499,11288.06
24500,14378.17
24501,4319.73
24502,16222.33
24503,13447.03
24504,13787.81
24505,6379.88
24506,3196.47
24507,9547.18
24508,10941.35
24509,15711.37
24510,24929.5
24511,41457.09
24512,9060.93
24513,2014.74
24514,13120.6
24515,34692.81
24516,6417.3
24517,40381.83
24518,4924.77
24519,39403.48
24520,8057.79
24521,38744.78
24522,24313.33
24523,87475.68
24524,21064.18
24525,14675.39
24526,7086.98
24527,14191.26
24528,14668.99
24529,28321.76
24530,20790.63
24531,3947.15
24532,13395.18
24533,12200.17
24534,13045.48
24535,6281.85
24536,13433.79
24537,13561.49
24538,21964.59
24539,86925.67
24540,13469.76
24541,21043.53
24542,21342.17
24543,17622.55
24544,8414.3
24545,14678.52
24546,5443.78
24547,5559.01
24548,7676.22
24549,19138.12
24550,4020.29
24551,27391.16
24552,36695.99
24553,20734.91
24554,20904.9
24555,15576.73
24556,35578.9
24557,63070.6
24558,6090.64
24559,32744.92
24560,6300.91
24561,10489.02
24562,27982.74
24563,47066.02
24564,17941.26
24565,52893.92
24566,3884.86
24567,4163.35
24568,11741.65
24569,45284.74
24570,20203.53
24571,5524.08
24572,3912.47
24573,43613.65
24574,22138.57
24575,39044.13
24576,26985.83
24577,9069.1
24578,33745.74
24579,16164.57
24580,35229.8
24581,24408.07
24582,5713.72
24583,3368.44
24584,8405.41
24585,16022.33
24586,7959.37
24587,8231.71
24588,82788.44
24589,7790.3
24590,17143.12
24591,15686.38
24592,17447.36
24593,6212.8
24594,14160.76
24595,13820.22
24596,12019.04
24597,8942.64
24598,22456.26
24599,15915.97
24600,59670.18
24601,16162.48
24602,11429.68
24603,32931.36
24604,5437.14
24605,69454.98666666666
24606,5733.19
24607,12793.12
24608,10915.76
24609,17840.97
24610,26194.98
24611,18690.83
24612,8494.48
24613,18773.53
24614,23882.52
24615,28017.21
24616,9966.19
24617,13796.88
24618,9739.36
24619,15361.88
24620,9722.41
24621,35797.29
24622,18633.49
24623,3031.62
24624,12571.86
24625,6069.57
24626,5137.46
24627,37802.78
24628,2221.43
24629,13326.76
24630,12282.486833333334
24631,20189.745
24632,19992.8
24633,12027.09
24634,16023.06
24635,29601.43
24636,10206.05
24637,73382.89
24638,19247.51
24639,21968.18
24640,10661.91
24641,74003.86
24642,14423.333333333332
24643,7562.26
24644,17765.17
24645,39175.9
24646,14938.23
24647,51312.56
24648,16408.57
24649,8307.24
24650,25698.91
24651,7607.95
24652,4744.53
24653,8095.06
24654,8811.99
24655,9318.62
24656,17462.26
24657,5997.48
24658,7759.84
24659,3839.04
24660,6469.07
24661,22866.51
24662,41743.35
24663,21988.09
24664,2748.61
24665,9288.11
24666,16668.16
24667,8731.31
24668,24864.33
24669,13830.36
24670,65016.31
24671,22325.71
24672,54345.57
24673,41165.1
24674,46026.21
24675,7914.13
24676,5518.99
24677,7962.27
24678,10983.15
24679,8730.23
24680,9588.35
24681,7919.9
24682,9343.24
24683,12559.86
24684,27957.18
24685,13207.25
24686,6155.22
24687,20294.09
24688,30639.74
24689,12187.73
24690,9207.34
24691,3427.61
24692,39125.67
24693,11950.97
24694,19096.87
24695,35042.04
24696,14617.97
24697,8458.28
24698,17765.52
24699,8095.2
24700,36536.07
24701,10051.76
24702,4218.84
24703,18406.89
24704,21179.48
24705,57128.82
24706,10715.63
24707,15925.18
24708,7605.92
24709,2825.57
24710,7713.17
24711,3519.85
24712,19791.56
24713,16121.42
24714,21473.33
24715,83203.9
24716,5806.34
24717,3821.69
24718,11731.885
24719,12158.69
24720,54049.1
24721,24134.93
24722,21240.77
24723,13493.44
24724,10074.3
24725,30085.851666666666
24726,32987.58
24727,70297.83
24728,20573.17
24729,12998.62
24730,42909.85
24731,9445.67
24732,15071.42
24733,11421.41
24734,6544.94
24735,24025.27
24736,12186.92
24737,9464.6
24738,21724.26
24739,17204.79
24740,12995.87
24741,11910.97
24742,44804.15
24743,9533.84
24744,15406.18
24745,2996.84
24746,21489.506
24747,6213.46
24748,72895.46
24749,10145.07
24750,16839.66
24751,51078.69
24752,20566.61
24753,11951.64
24754,3702.13
24755,2867.9
24756,33223.14
24757,27424.3
24758,47539.11
24759,20442.01
24760,7832.39
24761,40174.84
24762,32310.95
24763,5398.52
24764,15275.333333333332
24765,4949.81
24766,7560.53
24767,32507.07
24768,6998.7
24769,17800.65
24770,20377.03
24771,9193.98
24772,2540.52
24773,19890.66
24774,10803.38
24775,4791.95
24776,17394.43
24777,3272.67
24778,7978.4
24779,20740.03
24780,27798.26
24781,77883.9
24782,12181.46
24783,47025.44
24784,24759.980476190474
24785,12290.915
24786,5282.2
24787,5842.76
24788,4296.61
24789,11300.96
24790,40757.06
24791,43892.08
24792,17610.66
24793,20826.39
24794,36683.42
24795,13264.863333333335
24796,7527.58
24797,5406.13
24798,13733.72
24799,16760.768500000002
24800,7212.54
24801,30819.22
24802,21155.65
24803,46485.9
24804,32613.79
24805,4451.98
24806,8847.62
24807,38981.65
24808,9880.69
24809,11115.18
24810,59736.37
24811,15903.66
24812,24148.040714285715
24813,6671.0
24814,61560.84
24815,12151.49
24816,10272.16
24817,18617.03
24818,12239.35
24819,11192.96
24820,24774.37
24821,13263.0
24822,18043.34
24823,13570.83
24824,9806.43
24825,5139.37
24826,12894.94
24827,38038.525
24828,74969.64
24829,15156.02
24830,31738.55
24831,3664.16
24832,5645.8
24833,27731.07
24834,73981.3
24835,47497.0
24836,19724.17
24837,37194.02
24838,52322.62999999999
24839,13082.15
24840,57688.86
24841,3605.09
24842,6010.14
24843,13673.67
24844,19051.79
24845,4514.87
24846,4987.81
24847,65799.48
24848,80326.95
24849,64863.61
24850,25761.06
24851,10310.35
24852,12289.45
24853,76164.99
24854,57301.852
24855,56685.44
24856,8567.48
24857,19845.7
24858,6046.69
24859,80775.914
24860,47266.36
24861,12292.16
24862,10632.89
24863,50640.13
24864,8152.56
24865,44101.45
24866,21796.8
24867,3914.27
24868,5533.56
24869,8741.97
24870,11308.1
24871,7663.17
24872,2872.3
24873,18389.19
24874,25738.88
24875,2520.55
24876,12672.99
24877,28988.81
24878,4762.24
24879,8656.37
24880,47068.67
24881,9496.14
24882,23537.47
24883,21186.54
24884,33478.08
24885,9200.54
24886,10531.28
24887,4766.83
24888,24267.59
24889,8499.9
24890,21448.74
24891,14870.38
24892,16008.346666666668
24893,8024.05
24894,11399.59
24895,69599.95
24896,15776.55
24897,8780.64
24898,13332.07
24899,16987.24
24900,17207.71
24901,40297.61
24902,23126.25
24903,22148.13
24904,27348.68
24905,8836.75
24906,49787.16
24907,6808.94
24908,10130.59
24909,25278.4
24910,9464.17
24911,4600.83
24912,43615.0
24913,55188.25
24914,9431.12
24915,30746.356666666667
24916,32802.6
24917,16513.84
24918,3382.74
24919,10837.85
24920,17876.0
24921,15332.85
24922,13260.45
24923,4591.15
24924,56822.8
24925,18567.96
24926,7503.5
24927,28481.62
24928,94241.41
24929,4944.34
24930,24431.32
24931,64752.97
24932,35675.46
24933,59662.99
24934,12375.6
24935,7140.1
24936,21000.36
24937,59988.43
24938,31775.73
24939,11899.58
24940,32876.76
24941,5321.14
24942,7532.15
24943,6557.14
24944,13129.87
24945,6737.41
24946,32525.16
24947,16374.97
24948,43884.98
24949,15475.1
24950,11713.16
24951,23522.64
24952,4969.23
24953,59430.31
24954,6170.1
24955,12391.15
24956,19144.78
24957,29519.45
24958,15447.67
24959,27713.629
24960,12826.4
24961,7403.66
24962,14167.08
24963,27003.1
24964,9033.25
24965,24372.56
24966,79390.18
24967,20738.18
24968,9303.03
24969,25474.44
24970,7719.58
24971,31641.55
24972,28764.01
24973,89072.91
24974,43641.72
24975,19415.12
24976,9278.54
24977,23653.68
24978,60669.9
24979,5571.99
24980,14295.29
24981,7006.81
24982,12656.13
24983,6810.32
24984,34468.73
24985,40599.15
24986,30939.99
24987,26258.03
24988,22129.02
24989,12548.78
24990,16426.41
24991,7405.18
24992,16685.52333333333
24993,9586.04
24994,41935.53
24995,20956.79
24996,21041.63
24997,15435.5
24998,10303.96
24999,6778.46
25000,24842.75
25001,40026.78
25002,44298.76
25003,3932.02
25004,17278.21
25005,18123.56
25006,43220.96
25007,54512.11
25008,36151.92
25009,60475.16
25010,15885.9
25011,29225.4
25012,12921.52
25013,27405.64
25014,46905.41
25015,51661.54
25016,13677.74
25017,24610.3
25018,24101.57
25019,8078.64
25020,17053.38
25021,15866.26
25022,19259.99
25023,34285.9
25024,11154.68
25025,28615.04
25026,18588.8
25027,4650.48
25028,10881.39
25029,14304.1
25030,39730.1
25031,17508.33
25032,11413.25
25033,50387.68
25034,31302.75
25035,51813.51
25036,10534.11
25037,3137.77
25038,16138.15
25039,47012.42
25040,21915.34
25041,13212.0
25042,7653.89
25043,9572.0
25044,5806.02
25045,27495.73
25046,79872.62
25047,3958.92
25048,14960.3
25049,60242.62
25050,3983.57
25051,3623.72
25052,7277.49
25053,20469.91
25054,7688.47
25055,8031.84
25056,48778.48
25057,12788.83
25058,11935.25
25059,4807.61
25060,6567.98
25061,4314.89
25062,50312.5
25063,14137.99
25064,21572.68
25065,28946.03
25066,40808.04
25067,72734.75
25068,12426.66
25069,5317.01
25070,68731.47
25071,72563.12
25072,15058.39
25073,39070.17
25074,3666.4
25075,1982.27
25076,7323.57
25077,11451.01
25078,15344.51
25079,38580.55
25080,17869.5
25081,15385.98
25082,7961.41
25083,6937.58
25084,27535.6
25085,8472.3
25086,11872.7
25087,15910.74
25088,84856.4
25089,15234.65
25090,7307.12
25091,32892.33
25092,11295.0
25093,20319.96
25094,36366.51
25095,30619.69
25096,13985.32
25097,8967.54
25098,4178.7
25099,49588.86
25100,39162.04
25101,7094.31
25102,13955.0
25103,43261.75
25104,60344.01
25105,22912.2
25106,36284.15
25107,16239.276666666667
25108,17254.9
25109,30820.5
25110,56240.52
25111,37688.55
25112,13282.98
25113,12956.94
25114,53384.65
25115,16012.29
25116,29883.88
25117,61786.37
25118,24729.68
25119,5757.95
25120,42970.73
25121,37490.39
25122,64549.77
25123,58170.05
25124,33515.93
25125,19753.98
25126,8162.55
25127,41076.28
25128,13189.68
25129,14780.56
25130,6350.43
25131,10046.9
25132,10157.93
25133,3324.25
25134,7726.64
25135,37475.9
25136,7813.69
25137,8996.74
25138,13701.37
25139,3843.32
25140,20519.31
25141,4682.76
25142,44417.07
25143,43249.08
25144,16577.69
25145,18422.13
25146,6533.41
25147,9617.45
25148,7792.02
25149,26282.67
25150,22151.11
25151,6353.22
25152,6494.08
25153,32956.33
25154,33916.44
25155,48475.61
25156,11319.14
25157,2795.43
25158,50481.33
25159,6848.25
25160,6647.15
25161,24926.13
25162,16218.08
25163,43738.28
25164,11750.48
25165,6481.31
25166,36983.55
25167,13670.04
25168,21010.39
25169,28230.62
25170,38009.025
25171,4444.24
25172,62130.0
25173,37919.11
25174,30281.82
25175,36258.01
25176,16427.41
25177,17790.07
25178,35170.46
25179,20041.09
25180,17554.85
25181,19170.871
25182,40355.11
25183,58834.62
25184,30932.61
25185,87868.62
25186,4476.56
25187,37163.42
25188,7258.59
25189,79610.3
25190,3145.08
25191,25078.81
25192,10617.89
25193,9098.28
25194,15148.99
25195,68420.81
25196,9510.97
25197,31724.27
25198,26762.27
25199,22506.15
25200,10608.55
25201,7185.49
25202,20044.3
25203,10173.75
25204,11309.21
25205,13380.77
25206,12963.46
25207,6132.54
25208,61200.32
25209,13555.106666666665
25210,11208.9
25211,6330.91
25212,17206.65
25213,13033.05
25214,6469.07
25215,6778.75
25216,13699.1
25217,28430.74
25218,18249.64
25219,20070.64
25220,31222.64
25221,36885.23
25222,50608.49
25223,18487.068238095235
25224,3096.24
25225,10614.65
25226,33597.35
25227,49065.0
25228,33045.84
25229,8054.31
25230,28775.25
25231,69935.05
25232,11278.94
25233,4691.66
25234,10472.15
25235,49186.98
25236,16233.9
25237,15074.54
25238,7236.73
25239,20892.34
25240,64255.98
25241,5126.733333333334
25242,31266.84
25243,21096.32
25244,9883.17
25245,11369.95
25246,4323.34
25247,16397.286666666667
25248,12846.82
25249,32979.35
25250,18493.7
25251,43232.38
25252,41254.92
25253,67983.14
25254,49990.21
25255,27401.92
25256,7516.18
25257,2882.74
25258,13112.63
25259,23214.92
25260,8807.07
25261,49769.21
25262,4552.57
25263,30585.13
25264,40303.64
25265,24187.7
25266,25717.53
25267,15807.63
25268,53566.28
25269,7659.35
25270,25353.44
25271,13296.31
25272,10705.11
25273,22383.5
25274,3850.31
25275,9471.36
25276,18137.79
25277,13541.26
25278,12403.2
25279,22611.54
25280,61820.33
25281,13817.56
25282,20409.48
25283,21470.03
25284,17973.68
25285,3173.89
25286,55200.42
25287,6977.14
25288,4403.62
25289,20046.21
